TASK_ID,fraction_positive_train,fraction_positive_test,fraction_positive_test_std,fraction_positive_train_std,16_train
CHEMBL1000357,0.875,0.8181818181818181,0.0,0.0,0.909+/-0.036
CHEMBL1006568,0.4375,0.417910447761194,0.0,0.0,0.745+/-0.085
CHEMBL1008279,0.25,0.2,0.0,0.0,0.42+/-0.232
CHEMBL1012001,0.6875,0.6875,0.0,0.0,0.795+/-0.075
CHEMBL1018953,0.875,0.8703703703703705,0.0,0.0,0.887+/-0.044
CHEMBL1019290,0.625,0.7142857142857143,0.0,0.0,0.911+/-0.086
CHEMBL1020690,0.375,0.2857142857142857,0.0,0.0,0.975+/-0.079
CHEMBL1024326,0.5625,0.56,0.0,0.0,0.621+/-0.099
CHEMBL1024562,0.3125,0.2,0.0,0.0,0.517+/-0.274
CHEMBL1030449,0.125,0.1388888888888889,0.0,0.0,0.368+/-0.176
CHEMBL1033643,0.4375,0.3333333333333333,0.0,0.0,0.883+/-0.249
CHEMBL1033787,0.5625,0.5263157894736842,0.0,0.0,0.609+/-0.063
CHEMBL1033990,0.625,0.625,0.0,0.0,0.855+/-0.093
CHEMBL1033991,0.4375,0.4067796610169491,0.0,0.0,0.864+/-0.104
CHEMBL1033992,0.8125,0.8571428571428571,0.0,0.0,0.991+/-0.01
CHEMBL1033993,0.875,0.9047619047619048,0.0,0.0,0.999+/-0.003
CHEMBL1033994,0.375,0.3780487804878049,0.0,0.0,0.595+/-0.098
CHEMBL1033996,0.6875,0.6764705882352942,0.0,0.0,0.887+/-0.063
CHEMBL1033999,0.4375,0.409090909090909,0.0,0.0,0.961+/-0.041
CHEMBL1034004,0.6875,0.8,0.0,0.0,0.979+/-0.038
CHEMBL1034017,0.625,0.6111111111111112,0.0,0.0,0.935+/-0.045
CHEMBL1034018,0.75,0.72,0.0,0.0,0.974+/-0.016
CHEMBL1035506,0.75,0.75,0.0,0.0,1.0+/-0.0
CHEMBL1035508,0.8125,0.6666666666666666,0.0,0.0,1.0+/-0.0
CHEMBL1035509,0.8125,0.6666666666666666,0.0,0.0,1.0+/-0.0
CHEMBL1035510,0.8125,0.6666666666666666,0.0,0.0,1.0+/-0.0
CHEMBL1038041,0.5625,0.5833333333333334,0.0,0.0,0.694+/-0.11
CHEMBL1039164,0.4375,0.4242424242424242,0.0,0.0,0.851+/-0.082
CHEMBL1041704,0.875,0.9200000000000002,0.0,0.0,0.976+/-0.028
CHEMBL1041705,0.75,0.7083333333333334,0.0,0.0,0.724+/-0.038
CHEMBL1042518,0.9375,0.8965517241379309,0.0,0.0,0.945+/-0.034
CHEMBL1042767,0.9375,0.9166666666666666,0.0,0.0,0.972+/-0.017
CHEMBL1043900,0.875,0.8333333333333334,0.0,0.0,0.993+/-0.014
CHEMBL1045728,0.4375,0.4166666666666667,0.0,0.0,0.793+/-0.14
CHEMBL1046026,0.3125,0.2857142857142857,0.0,0.0,0.802+/-0.15
CHEMBL1046975,0.1875,0.1428571428571428,0.0,0.0,0.226+/-0.069
CHEMBL1047854,0.1875,0.1538461538461538,0.0,0.0,0.195+/-0.071
CHEMBL1048663,0.4375,0.4545454545454545,0.0,0.0,0.892+/-0.083
CHEMBL1051810,0.3125,0.25,0.0,0.0,0.6+/-0.285
CHEMBL1052565,0.5,0.5384615384615384,0.0,0.0,0.794+/-0.103
CHEMBL1053167,0.8125,0.8666666666666668,0.0,0.0,0.908+/-0.055
CHEMBL1053168,0.5625,0.625,0.0,0.0,0.856+/-0.068
CHEMBL1053306,0.375,0.5,0.0,0.0,0.925+/-0.139
CHEMBL1054757,0.4375,0.4042553191489361,0.0,0.0,0.76+/-0.084
CHEMBL1054762,0.875,0.8620689655172413,0.0,0.0,0.954+/-0.02
CHEMBL1054837,0.9375,0.9375,0.0,0.0,0.927+/-0.042
CHEMBL1055019,0.375,0.5,0.0,0.0,0.9+/-0.175
CHEMBL1056891,0.8125,0.8311688311688312,0.0,0.0,0.889+/-0.024
CHEMBL1058849,0.125,0.1,0.0,0.0,0.17+/-0.05
CHEMBL1059735,0.3125,0.3529411764705882,0.0,0.0,0.596+/-0.093
CHEMBL1061545,0.9375,0.9482758620689656,0.0,0.0,0.953+/-0.03
CHEMBL1063960,0.75,0.75,0.0,0.0,0.727+/-0.049
CHEMBL1067060,0.5,0.5,0.0,0.0,0.644+/-0.1
CHEMBL1067568,0.1875,0.2222222222222222,0.0,0.0,0.394+/-0.156
CHEMBL1068293,0.6875,0.6829268292682927,0.0,0.0,0.752+/-0.055
CHEMBL1071243,0.3125,0.2857142857142857,0.0,0.0,0.651+/-0.187
CHEMBL1100446,0.6875,0.7,0.0,0.0,0.9+/-0.075
CHEMBL1107997,0.625,0.625,0.0,0.0,0.901+/-0.046
CHEMBL1108884,0.5,0.5333333333333333,0.0,0.0,0.963+/-0.031
CHEMBL1109063,0.1875,0.2857142857142857,0.0,0.0,0.767+/-0.156
CHEMBL1109941,0.4375,0.4444444444444445,0.0,0.0,0.939+/-0.023
CHEMBL1111344,0.9375,0.9615384615384616,0.0,0.0,0.996+/-0.001
CHEMBL1111345,0.9375,0.9701492537313432,0.0,0.0,0.985+/-0.008
CHEMBL1115072,0.5625,0.5,0.0,0.0,0.608+/-0.125
CHEMBL1115306,0.1875,0.1111111111111111,0.0,0.0,0.412+/-0.327
CHEMBL1116449,0.8125,0.782608695652174,0.0,0.0,0.899+/-0.059
CHEMBL1116600,0.75,0.6666666666666666,0.0,0.0,1.0+/-0.0
CHEMBL1118335,0.6875,0.75,0.0,0.0,0.872+/-0.144
CHEMBL1167859,0.25,0.2,0.0,0.0,0.305+/-0.091
CHEMBL1176167,0.8125,0.8,0.0,0.0,0.86+/-0.095
CHEMBL1176948,0.625,0.6666666666666666,0.0,0.0,0.899+/-0.076
CHEMBL1176975,0.9375,0.9230769230769232,0.0,0.0,0.99+/-0.009
CHEMBL1177528,0.75,0.7142857142857143,0.0,0.0,0.86+/-0.067
CHEMBL1217314,0.375,0.4444444444444445,0.0,0.0,0.858+/-0.137
CHEMBL1219004,0.0625,0.0666666666666666,0.0,0.0,0.249+/-0.067
CHEMBL1219014,0.0625,0.0714285714285714,0.0,0.0,1.0+/-0.0
CHEMBL1228470,0.6875,0.8,0.0,0.0,0.963+/-0.101
CHEMBL1228542,0.75,0.6666666666666666,0.0,0.0,0.866+/-0.067
CHEMBL1228543,0.625,0.625,0.0,0.0,0.692+/-0.109
CHEMBL1259550,0.625,0.6666666666666666,0.0,0.0,0.983+/-0.053
CHEMBL1259551,0.375,0.5,0.0,0.0,1.0+/-0.0
CHEMBL1259552,0.4375,0.5,0.0,0.0,1.0+/-0.0
CHEMBL1259557,0.5,0.4,0.0,0.0,1.0+/-0.0
CHEMBL1259558,0.4375,0.3333333333333333,0.0,0.0,1.0+/-0.0
CHEMBL1259559,0.4375,0.4,0.0,0.0,0.94+/-0.126
CHEMBL1259560,0.875,0.8,0.0,0.0,0.938+/-0.026
CHEMBL1260089,0.0625,0.1666666666666666,0.0,0.0,0.395+/-0.249
CHEMBL1613983,0.125,0.1150125403081332,0.0,0.0,0.169+/-0.033
CHEMBL1614018,0.6875,0.6875,0.0,0.0,0.759+/-0.037
CHEMBL1614538,0.0625,0.0443097014925373,0.0,0.0,0.147+/-0.086
CHEMBL1646095,0.5875,0.6,0.0322748612183951,0.0322748612183951,0.77+/-0.077
CHEMBL1646836,0.875,0.8,0.0,0.0,0.984+/-0.014
CHEMBL1648264,0.75,0.75,0.0,0.0,0.814+/-0.075
CHEMBL1655237,0.875,0.8571428571428571,0.0,0.0,0.983+/-0.023
CHEMBL1655239,0.5625,0.5,0.0,0.0,0.612+/-0.113
CHEMBL1664693,0.25,0.5,0.0,0.0,0.9+/-0.211
CHEMBL1681056,0.625,0.5833333333333334,0.0,0.0,0.86+/-0.054
CHEMBL1685193,0.875,0.875,0.0,0.0,0.985+/-0.006
CHEMBL1687410,0.9375,0.888888888888889,0.0,0.0,0.996+/-0.01
CHEMBL1687598,0.3125,0.3333333333333333,0.0,0.0,0.607+/-0.168
CHEMBL1763053,0.6875,0.6923076923076923,0.0,0.0,0.895+/-0.033
CHEMBL1767670,0.0625,0.0666666666666666,0.0,0.0,0.18+/-0.076
CHEMBL1769825,0.1875,0.2,0.0,0.0,0.685+/-0.189
CHEMBL1776383,0.4,0.4125,0.0322748612183951,0.0322748612183951,0.922+/-0.062
CHEMBL1776384,0.25,0.1818181818181818,0.0,0.0,1.0+/-0.0
CHEMBL1780676,0.9375,0.9090909090909092,0.0,0.0,0.948+/-0.018
CHEMBL1780832,0.9375,0.95,0.0,0.0,0.953+/-0.017
CHEMBL1788062,0.8125,0.8225806451612904,0.0,0.0,0.947+/-0.031
CHEMBL1794295,0.125,0.0869565217391304,0.0,0.0,0.218+/-0.118
CHEMBL1794318,0.1875,0.2105263157894736,0.0,0.0,0.336+/-0.104
CHEMBL1794398,0.1875,0.2,0.0,0.0,0.825+/-0.29
CHEMBL1794490,0.6875,0.6666666666666666,0.0,0.0,0.695+/-0.078
CHEMBL1803360,0.5,0.5555555555555556,0.0,0.0,0.686+/-0.134
CHEMBL1803361,0.375,0.5,0.0,0.0,0.8+/-0.258
CHEMBL1809301,0.4375,0.4615384615384615,0.0,0.0,0.809+/-0.157
CHEMBL1809762,0.25,0.1666666666666666,0.0,0.0,1.0+/-0.0
CHEMBL1816523,0.5,0.5,0.0,0.0,0.96+/-0.046
CHEMBL1816524,0.0625,0.125,0.0,0.0,0.95+/-0.158
CHEMBL1817497,0.5625,0.5,0.0,0.0,0.669+/-0.167
CHEMBL1821364,0.6875,0.7333333333333333,0.0,0.0,0.939+/-0.051
CHEMBL1832560,0.1875,0.2222222222222222,0.0,0.0,0.38+/-0.175
CHEMBL1837558,0.625,0.625,0.0,0.0,1.0+/-0.0
CHEMBL1913093,0.125,0.25,0.0,0.0,0.825+/-0.29
CHEMBL1925635,0.6875,0.6842105263157895,0.0,0.0,0.888+/-0.112
CHEMBL1930242,0.8125,0.8125,0.0,0.0,0.932+/-0.041
CHEMBL1932094,0.8125,0.75,0.0,0.0,0.811+/-0.158
CHEMBL1936050,0.5625,0.5454545454545454,0.0,0.0,0.647+/-0.057
CHEMBL1936053,0.0625,0.0303030303030302,0.0,0.0,0.038+/-0.006
CHEMBL1941610,0.5,0.5,0.0,0.0,0.582+/-0.155
CHEMBL1944125,0.75,0.7906976744186046,0.0,0.0,0.907+/-0.065
CHEMBL1953145,0.125,0.125,0.0,0.0,0.36+/-0.158
CHEMBL1959201,0.25,0.25,0.0,0.0,0.365+/-0.148
CHEMBL1960049,0.75,0.8181818181818181,0.0,0.0,0.95+/-0.087
CHEMBL1960329,0.8125,0.8333333333333334,0.0,0.0,0.867+/-0.051
CHEMBL1960332,0.25,0.3333333333333333,0.0,0.0,0.617+/-0.273
CHEMBL1960367,0.9375,0.8333333333333334,0.0,0.0,0.978+/-0.039
CHEMBL1961322,0.8125,0.7857142857142857,0.0,0.0,0.921+/-0.06
CHEMBL2014621,0.9375,0.9393939393939394,0.0,0.0,0.996+/-0.001
CHEMBL2014622,0.9375,0.9696969696969696,0.0,0.0,0.98+/-0.007
CHEMBL2015317,0.3125,0.2916666666666667,0.0,0.0,0.636+/-0.131
CHEMBL2015865,0.6875,0.6363636363636364,0.0,0.0,0.774+/-0.091
CHEMBL2019245,0.875,0.8823529411764707,0.0,0.0,0.914+/-0.049
CHEMBL2020129,0.6875,0.75,0.0,0.0,0.928+/-0.152
CHEMBL2021151,0.25,0.25,0.0,0.0,0.475+/-0.208
CHEMBL2033223,0.1875,0.125,0.0,0.0,0.326+/-0.138
CHEMBL2043755,0.5625,0.5555555555555556,0.0,0.0,0.842+/-0.055
CHEMBL2044326,0.25,0.275,0.0,0.0,0.422+/-0.103
CHEMBL2044336,0.4375,0.4074074074074073,0.0,0.0,0.676+/-0.087
CHEMBL2044552,0.9375,0.8333333333333334,0.0,0.0,0.75+/-0.052
CHEMBL2046046,0.4375,0.4736842105263157,0.0,0.0,0.788+/-0.076
CHEMBL2046228,0.875,0.8947368421052632,0.0,0.0,0.977+/-0.014
CHEMBL2061013,0.9375,0.9375,0.0,0.0,0.999+/-0.002
CHEMBL2061267,0.9375,0.9230769230769232,0.0,0.0,0.997+/-0.005
CHEMBL2061360,0.9375,0.9285714285714286,0.0,0.0,0.995+/-0.003
CHEMBL2072116,0.0625,0.1,0.0,0.0,0.483+/-0.293
CHEMBL2072118,0.125,0.0833333333333333,0.0,0.0,0.408+/-0.227
CHEMBL2072294,0.9375,0.9130434782608696,0.0,0.0,0.9+/-0.035
CHEMBL2148600,0.8125,0.7857142857142857,0.0,0.0,0.82+/-0.038
CHEMBL2150628,0.8125,0.8,0.0,0.0,0.974+/-0.038
CHEMBL2154555,0.875,0.9,0.0,0.0,0.857+/-0.055
CHEMBL2154557,0.5625,0.5555555555555556,0.0,0.0,0.82+/-0.144
CHEMBL2156781,0.75,0.7884615384615384,0.0,0.0,0.892+/-0.032
CHEMBL2162371,0.75,0.7586206896551724,0.0,0.0,0.856+/-0.098
CHEMBL2167912,0.5625,0.5,0.0,0.0,0.659+/-0.155
CHEMBL2183320,0.375,0.4210526315789472,0.0,0.0,0.594+/-0.091
CHEMBL2211264,0.875,0.8571428571428571,0.0,0.0,0.91+/-0.019
CHEMBL2211789,0.125,0.1538461538461538,0.0,0.0,0.508+/-0.192
CHEMBL2213258,0.6875,0.7391304347826086,0.0,0.0,0.799+/-0.055
CHEMBL2215267,0.3125,0.5,0.0,0.0,1.0+/-0.0
CHEMBL2317095,0.4375,0.4545454545454545,0.0,0.0,0.604+/-0.12
CHEMBL2319498,0.8125,0.7692307692307693,0.0,0.0,0.891+/-0.063
CHEMBL2320857,0.875,0.9047619047619048,0.0,0.0,0.873+/-0.033
CHEMBL2328235,0.875,0.9032258064516128,0.0,0.0,0.975+/-0.01
CHEMBL2328533,0.0625,0.0930232558139534,0.0,0.0,0.119+/-0.021
CHEMBL2330536,0.125,0.125,0.0,0.0,1.0+/-0.0
CHEMBL2341227,0.6875,0.6363636363636364,0.0,0.0,0.688+/-0.1
CHEMBL2349727,0.6875,0.6363636363636364,0.0,0.0,0.938+/-0.03
CHEMBL2350725,0.9375,0.8571428571428571,0.0,0.0,0.955+/-0.032
CHEMBL2351677,0.6875,0.6666666666666666,0.0,0.0,0.908+/-0.139
CHEMBL2353302,0.25,0.1666666666666666,0.0,0.0,0.85+/-0.242
CHEMBL2379584,0.375,0.4285714285714285,0.0,0.0,0.673+/-0.165
CHEMBL2388705,0.3125,0.2857142857142857,0.0,0.0,0.533+/-0.099
CHEMBL2390255,0.6875,0.5,0.0,0.0,0.7+/-0.258
CHEMBL2390645,0.625,0.6666666666666666,0.0,0.0,0.948+/-0.055
CHEMBL2395313,0.75,0.7333333333333333,0.0,0.0,0.917+/-0.032
CHEMBL2400390,0.5,0.4583333333333333,0.0,0.0,0.907+/-0.047
CHEMBL2400409,0.8125,0.8400000000000001,0.0,0.0,0.815+/-0.045
CHEMBL2404552,0.9375,0.9090909090909092,0.0,0.0,0.997+/-0.004
CHEMBL2404680,0.75,0.5,0.0,0.0,0.95+/-0.158
CHEMBL2405247,0.9375,0.9629629629629628,0.0,0.0,0.999+/-0.001
CHEMBL2405554,0.5625,0.5454545454545454,0.0,0.0,0.954+/-0.042
CHEMBL2405555,0.5625,0.5882352941176471,0.0,0.0,0.858+/-0.125
CHEMBL2405783,0.6875,0.6956521739130435,0.0,0.0,0.789+/-0.037
CHEMBL2410403,0.3125,0.25,0.0,0.0,0.575+/-0.367
CHEMBL2432161,0.25,0.2285714285714285,0.0,0.0,0.809+/-0.079
CHEMBL2434102,0.875,0.888888888888889,0.0,0.0,1.0+/-0.0
CHEMBL2439189,0.9375,0.9090909090909092,0.0,0.0,0.875+/-0.056
CHEMBL2439404,0.0625,0.1111111111111111,0.0,0.0,0.592+/-0.295
CHEMBL2439550,0.25,0.2,0.0,0.0,0.431+/-0.143
CHEMBL2439553,0.125,0.0666666666666666,0.0,0.0,0.148+/-0.084
CHEMBL2439555,0.0625,0.0588235294117647,0.0,0.0,0.269+/-0.144
CHEMBL2439741,0.9375,0.9333333333333332,0.0,0.0,0.931+/-0.029
CHEMBL2444082,0.5625,0.5238095238095238,0.0,0.0,0.823+/-0.079
CHEMBL2445761,0.4375,0.4680851063829786,0.0,0.0,0.961+/-0.02
CHEMBL2447603,0.125,0.25,0.0,0.0,1.0+/-0.0
CHEMBL3055209,0.375,0.3571428571428571,0.0,0.0,0.827+/-0.132
CHEMBL3057815,0.1875,0.2,0.0,0.0,0.555+/-0.393
CHEMBL3060860,0.125,0.25,0.0,0.0,0.592+/-0.295
CHEMBL3062734,0.5,0.4827586206896551,0.0,0.0,0.867+/-0.066
CHEMBL3063083,0.625,0.75,0.0,0.0,0.861+/-0.145
CHEMBL3067105,0.1875,0.2222222222222222,0.0,0.0,0.621+/-0.147
CHEMBL3069079,0.5625,0.5925925925925926,0.0,0.0,0.584+/-0.069
CHEMBL3073615,0.0625,0.1,0.0,0.0,1.0+/-0.0
CHEMBL3074007,0.5,0.5081967213114754,0.0,0.0,0.957+/-0.019
CHEMBL3078730,0.8125,0.8181818181818181,0.0,0.0,0.84+/-0.068
CHEMBL3088595,0.375,0.3888888888888889,0.0,0.0,0.575+/-0.135
CHEMBL3089774,0.25,0.2142857142857142,0.0,0.0,0.803+/-0.221
CHEMBL3094979,0.4375,0.4,0.0,0.0,0.925+/-0.121
CHEMBL3096264,0.1875,0.25,0.0,0.0,1.0+/-0.0
CHEMBL3100980,0.875,0.888888888888889,0.0,0.0,0.874+/-0.077
CHEMBL3116998,0.5625,0.5384615384615384,0.0,0.0,0.858+/-0.048
CHEMBL3117566,0.3125,0.3333333333333333,0.0,0.0,0.9+/-0.211
CHEMBL3122259,0.875,0.8829787234042554,0.0,0.0,0.949+/-0.027
CHEMBL3122511,0.3125,0.5,0.0,0.0,1.0+/-0.0
CHEMBL3122629,0.8125,0.7894736842105263,0.0,0.0,0.978+/-0.01
CHEMBL3122917,0.0625,0.1666666666666666,0.0,0.0,0.567+/-0.238
CHEMBL3123238,0.8125,0.8181818181818181,0.0,0.0,0.972+/-0.02
CHEMBL3123239,0.8125,0.8,0.0,0.0,0.869+/-0.085
CHEMBL3123721,0.3125,0.3333333333333333,0.0,0.0,0.71+/-0.213
CHEMBL3124021,0.125,0.1818181818181818,0.0,0.0,0.407+/-0.207
CHEMBL3124293,0.9375,0.888888888888889,0.0,0.0,0.905+/-0.058
CHEMBL3124294,0.6875,0.8,0.0,0.0,0.969+/-0.038
CHEMBL3128634,0.9375,0.9375,0.0,0.0,0.99+/-0.003
CHEMBL3128794,0.25,0.5,0.0,0.0,0.75+/-0.264
CHEMBL3128963,0.75,0.75,0.0,0.0,0.936+/-0.079
CHEMBL3129137,0.5625,0.5357142857142857,0.0,0.0,0.79+/-0.105
CHEMBL3129213,0.3125,0.3333333333333333,0.0,0.0,0.817+/-0.183
CHEMBL3129215,0.25,0.2619047619047619,0.0,0.0,0.748+/-0.083
CHEMBL3135563,0.75,0.75,0.0,0.0,0.9+/-0.119
CHEMBL3135839,0.4375,0.4,0.0,0.0,0.95+/-0.081
CHEMBL3227331,0.125,0.1818181818181818,0.0,0.0,0.629+/-0.141
CHEMBL3239483,0.1875,0.1111111111111111,0.0,0.0,0.352+/-0.137
CHEMBL3240111,0.625,0.75,0.0,0.0,0.956+/-0.066
CHEMBL3241207,0.875,0.8571428571428571,0.0,0.0,0.979+/-0.028
CHEMBL3243833,0.75,0.6666666666666666,0.0,0.0,0.914+/-0.062
CHEMBL3266569,0.75,0.75,0.0,0.0,0.992+/-0.026
CHEMBL3271615,0.75,0.8333333333333334,0.0,0.0,0.95+/-0.055
CHEMBL3282587,0.6875,0.7142857142857143,0.0,0.0,0.938+/-0.08
CHEMBL3282588,0.3125,0.25,0.0,0.0,0.75+/-0.326
CHEMBL3282590,0.375,0.4,0.0,0.0,0.797+/-0.125
CHEMBL3282591,0.5,0.5555555555555556,0.0,0.0,0.862+/-0.055
CHEMBL3291715,0.3125,0.2857142857142857,0.0,0.0,0.876+/-0.169
CHEMBL3291716,0.3125,0.2857142857142857,0.0,0.0,0.87+/-0.17
CHEMBL3292842,0.9375,0.975,0.0,0.0,0.998+/-0.001
CHEMBL3292845,0.5,0.4736842105263157,0.0,0.0,0.834+/-0.094
CHEMBL3292846,0.4375,0.4444444444444445,0.0,0.0,0.833+/-0.094
CHEMBL3292952,0.75,0.7777777777777778,0.0,0.0,0.891+/-0.08
CHEMBL3293254,0.8125,0.7142857142857143,0.0,0.0,0.961+/-0.059
CHEMBL3295320,0.125,0.1578947368421052,0.0,0.0,0.491+/-0.18
CHEMBL3295321,0.125,0.1538461538461538,0.0,0.0,0.582+/-0.228
CHEMBL3295869,0.25,0.2142857142857142,0.0,0.0,0.796+/-0.157
CHEMBL3295870,0.25,0.2,0.0,0.0,0.732+/-0.107
CHEMBL3366183,0.625,0.625,0.0,0.0,0.699+/-0.071
CHEMBL3367829,0.0625,0.0384615384615384,0.0,0.0,0.733+/-0.285
CHEMBL3368544,0.3125,0.3333333333333333,0.0,0.0,0.7+/-0.159
CHEMBL3369821,0.9375,0.8823529411764707,0.0,0.0,0.928+/-0.022
CHEMBL3373177,0.5,0.6666666666666666,0.0,0.0,0.925+/-0.139
CHEMBL3373532,0.9375,0.9285714285714286,0.0,0.0,1.0+/-0.0
CHEMBL3375068,0.75,0.8,0.0,0.0,1.0+/-0.0
CHEMBL3380429,0.0625,0.074074074074074,0.0,0.0,0.412+/-0.227
CHEMBL3381607,0.8125,0.8,0.0,0.0,0.918+/-0.044
CHEMBL3383460,0.8125,0.8333333333333334,0.0,0.0,0.934+/-0.054
CHEMBL3384577,0.75,0.7692307692307693,0.0,0.0,0.973+/-0.023
CHEMBL3384578,0.8125,0.8666666666666668,0.0,0.0,0.969+/-0.027
CHEMBL3385546,0.125,0.1111111111111111,0.0,0.0,0.107+/-0.023
CHEMBL3387003,0.6875,0.6666666666666666,0.0,0.0,0.687+/-0.054
CHEMBL3388462,0.5625,0.5217391304347826,0.0,0.0,0.528+/-0.059
CHEMBL3389542,0.8125,0.8333333333333334,0.0,0.0,0.978+/-0.035
CHEMBL3389955,0.0625,0.1428571428571428,0.0,0.0,0.257+/-0.072
CHEMBL3390310,0.4375,0.4,0.0,0.0,0.867+/-0.168
CHEMBL3395635,0.5625,0.5357142857142857,0.0,0.0,0.665+/-0.07
CHEMBL3396060,0.8125,0.8076923076923077,0.0,0.0,0.852+/-0.04
CHEMBL3405593,0.75,0.7692307692307693,0.0,0.0,0.882+/-0.085
CHEMBL3411572,0.9,0.9125,0.0322748612183951,0.0322748612183951,0.95+/-0.066
CHEMBL3412552,0.1875,0.2857142857142857,0.0,0.0,0.275+/-0.055
CHEMBL3413799,0.9375,0.96,0.0,0.0,0.989+/-0.003
CHEMBL3413997,0.3125,0.3333333333333333,0.0,0.0,0.733+/-0.217
CHEMBL3418331,0.5,0.6,0.0,0.0,1.0+/-0.0
CHEMBL3418701,0.75,0.7692307692307693,0.0,0.0,0.947+/-0.017
CHEMBL3418917,0.375,0.5,0.0,0.0,0.875+/-0.189
CHEMBL3429681,0.4375,0.4,0.0,0.0,0.6+/-0.117
CHEMBL3578893,0.75,0.6666666666666666,0.0,0.0,0.917+/-0.176
CHEMBL3583198,0.125,0.1818181818181818,0.0,0.0,0.291+/-0.136
CHEMBL3588714,0.6875,0.6,0.0,0.0,0.904+/-0.095
CHEMBL3588716,0.625,0.6666666666666666,0.0,0.0,0.845+/-0.074
CHEMBL3592342,0.125,0.1176470588235294,0.0,0.0,0.424+/-0.194
CHEMBL3595591,0.25,0.2857142857142857,0.0,0.0,0.925+/-0.139
CHEMBL3599625,0.625,0.5,0.0,0.0,0.892+/-0.118
CHEMBL3611931,0.375,0.375,0.0,0.0,0.887+/-0.078
CHEMBL3625422,0.125,0.16,0.0,0.0,0.237+/-0.066
CHEMBL3627034,0.9375,0.8333333333333334,0.0,0.0,0.942+/-0.026
CHEMBL3627570,0.9375,0.8571428571428571,0.0,0.0,0.796+/-0.057
CHEMBL3636663,0.3125,0.2777777777777778,0.0,0.0,0.666+/-0.195
CHEMBL3637832,0.0625,0.0294117647058822,0.0,0.0,0.95+/-0.158
CHEMBL3755875,0.9375,0.9583333333333334,0.0,0.0,0.986+/-0.007
CHEMBL3761618,0.8125,0.8181818181818181,0.0,0.0,0.954+/-0.031
CHEMBL3767404,0.875,0.9,0.0,0.0,0.985+/-0.016
CHEMBL3768642,0.625,0.5,0.0,0.0,0.867+/-0.185
CHEMBL3773195,0.875,0.8387096774193548,0.0,0.0,0.861+/-0.052
CHEMBL3778340,0.75,0.7368421052631579,0.0,0.0,0.891+/-0.05
CHEMBL3782449,0.5,0.5,0.0,0.0,0.72+/-0.113
CHEMBL3782490,0.375,0.4210526315789472,0.0,0.0,0.668+/-0.102
CHEMBL3792254,0.875,0.8,0.0,0.0,0.919+/-0.066
CHEMBL3794901,0.125,0.0666666666666666,0.0,0.0,0.47+/-0.215
CHEMBL3794968,0.25,0.2352941176470588,0.0,0.0,0.537+/-0.145
CHEMBL3795205,0.3125,0.3,0.0,0.0,0.742+/-0.191
CHEMBL3796292,0.1875,0.1111111111111111,0.0,0.0,0.529+/-0.355
CHEMBL3807629,0.25,0.25,0.0,0.0,0.515+/-0.227
CHEMBL3811059,0.375,0.4,0.0,0.0,0.933+/-0.086
CHEMBL3813389,0.625,0.5,0.0,0.0,0.95+/-0.158
CHEMBL3815782,0.5625,0.5,0.0,0.0,0.8+/-0.258
CHEMBL3994798,0.0625,0.0833333333333333,0.0,0.0,1.0+/-0.0
CHEMBL3999675,0.3125,0.3571428571428571,0.0,0.0,0.668+/-0.161
CHEMBL3999676,0.25,0.2142857142857142,0.0,0.0,0.547+/-0.189
CHEMBL3999677,0.625,0.625,0.0,0.0,0.791+/-0.082
CHEMBL3999678,0.4625,0.475,0.0322748612183951,0.0322748612183951,0.637+/-0.093
CHEMBL4002824,0.875,0.9090909090909092,0.0,0.0,0.871+/-0.05
CHEMBL4002825,0.6875,0.7272727272727273,0.0,0.0,0.813+/-0.093
CHEMBL4002826,0.6875,0.7,0.0,0.0,0.799+/-0.099
CHEMBL4002828,0.875,0.8181818181818181,0.0,0.0,0.986+/-0.012
CHEMBL4002829,0.625,0.6363636363636364,0.0,0.0,0.793+/-0.127
CHEMBL4003204,0.4,0.4125,0.0322748612183951,0.0322748612183951,0.966+/-0.049
CHEMBL4006616,0.8125,0.7142857142857143,0.0,0.0,0.904+/-0.093
CHEMBL4008247,0.4375,0.5,0.0,0.0,0.85+/-0.242
CHEMBL4008248,0.625,0.6,0.0,0.0,0.827+/-0.14
CHEMBL4010364,0.125,0.125,0.0,0.0,1.0+/-0.0
CHEMBL4010365,0.125,0.2,0.0,0.0,0.69+/-0.401
CHEMBL4012795,0.1875,0.2857142857142857,0.0,0.0,0.79+/-0.126
CHEMBL4012796,0.5,0.5,0.0,0.0,0.673+/-0.078
CHEMBL4012802,0.5625,0.5454545454545454,0.0,0.0,0.635+/-0.064
CHEMBL4013953,0.9375,0.9,0.0,0.0,0.99+/-0.009
CHEMBL4014622,0.5625,0.6666666666666666,0.0,0.0,0.817+/-0.141
CHEMBL4018204,0.5625,0.6,0.0,0.0,0.766+/-0.111
CHEMBL4019380,0.375,0.4,0.0,0.0,0.942+/-0.136
CHEMBL4019381,0.3125,0.4,0.0,0.0,0.942+/-0.097
CHEMBL4028610,0.4375,0.4583333333333333,0.0,0.0,0.649+/-0.1
CHEMBL4028611,0.3125,0.3103448275862069,0.0,0.0,0.562+/-0.102
CHEMBL4028622,0.875,0.8717948717948719,0.0,0.0,0.911+/-0.019
CHEMBL4039490,0.9375,0.9333333333333332,0.0,0.0,0.909+/-0.025
CHEMBL4039492,0.5625,0.5333333333333333,0.0,0.0,0.676+/-0.11
CHEMBL4039493,0.25,0.3076923076923077,0.0,0.0,0.655+/-0.166
CHEMBL4043720,0.375,0.3548387096774194,0.0,0.0,0.726+/-0.066
CHEMBL4052384,0.9375,0.9393939393939394,0.0,0.0,0.957+/-0.034
CHEMBL4054609,0.5,0.5,0.0,0.0,0.673+/-0.158
CHEMBL4054625,0.1875,0.2,0.0,0.0,0.452+/-0.144
CHEMBL4134181,0.3125,0.3529411764705882,0.0,0.0,0.562+/-0.12
CHEMBL4134874,0.0625,0.1,0.0,0.0,0.562+/-0.32
CHEMBL4136409,0.25,0.3333333333333333,0.0,0.0,0.783+/-0.284
CHEMBL4145237,0.4375,0.4583333333333333,0.0,0.0,0.56+/-0.096
CHEMBL4145238,0.375,0.3888888888888889,0.0,0.0,0.49+/-0.059
CHEMBL4179593,0.0625,0.1,0.0,0.0,0.266+/-0.08
CHEMBL4184680,0.75,0.6666666666666666,0.0,0.0,0.933+/-0.086
CHEMBL4187321,0.8125,0.75,0.0,0.0,0.858+/-0.118
CHEMBL4194126,0.9375,0.9545454545454548,0.0,0.0,0.998+/-0.003
CHEMBL4194391,0.6875,0.75,0.0,0.0,0.911+/-0.053
CHEMBL4194448,0.4375,0.4545454545454545,0.0,0.0,0.561+/-0.098
CHEMBL4195632,0.75,0.7708333333333334,0.0,0.0,0.855+/-0.022
CHEMBL4199669,0.625,0.6666666666666666,0.0,0.0,0.91+/-0.073
CHEMBL4199670,0.625,0.6666666666666666,0.0,0.0,0.947+/-0.101
CHEMBL4200978,0.75,0.7333333333333333,0.0,0.0,0.871+/-0.043
CHEMBL4222644,0.8125,0.8571428571428571,0.0,0.0,0.924+/-0.09
CHEMBL4222646,0.75,0.6666666666666666,0.0,0.0,0.917+/-0.089
CHEMBL4222650,0.6875,0.8,0.0,0.0,0.99+/-0.021
CHEMBL4222852,0.6875,0.7142857142857143,0.0,0.0,0.96+/-0.035
CHEMBL4252975,0.125,0.1428571428571428,0.0,0.0,0.883+/-0.249
CHEMBL4253251,0.0625,0.0526315789473684,0.0,0.0,0.061+/-0.003
CHEMBL4254928,0.25,0.2,0.0,0.0,0.293+/-0.094
CHEMBL4255037,0.5,0.5,0.0,0.0,1.0+/-0.0
CHEMBL4260686,0.375,0.3333333333333333,0.0,0.0,0.347+/-0.065
CHEMBL4264727,0.5625,0.5,0.0,0.0,0.658+/-0.127
CHEMBL4269007,0.6875,0.6666666666666666,0.0,0.0,0.811+/-0.068
CHEMBL4270093,0.5625,0.5714285714285714,0.0,0.0,0.976+/-0.041
CHEMBL4270097,0.5,0.6,0.0,0.0,0.878+/-0.142
CHEMBL4273395,0.0625,0.0588235294117647,0.0,0.0,1.0+/-0.0
CHEMBL4276505,0.125,0.1818181818181818,0.0,0.0,0.596+/-0.339
CHEMBL4276506,0.5625,0.5833333333333334,0.0,0.0,0.747+/-0.079
CHEMBL4276507,0.125,0.1666666666666666,0.0,0.0,0.48+/-0.2
CHEMBL4276508,0.3125,0.2727272727272727,0.0,0.0,0.595+/-0.135
CHEMBL4315144,0.625,0.5,0.0,0.0,0.95+/-0.158
CHEMBL4316462,0.625,0.6,0.0,0.0,0.863+/-0.061
CHEMBL4316463,0.8125,0.7647058823529411,0.0,0.0,0.902+/-0.096
CHEMBL4328769,0.875,0.8666666666666668,0.0,0.0,0.91+/-0.04
CHEMBL4328847,0.25,0.3076923076923077,0.0,0.0,0.658+/-0.125
CHEMBL4328848,0.25,0.25,0.0,0.0,0.672+/-0.164
CHEMBL4330230,0.5625,0.6666666666666666,0.0,0.0,0.92+/-0.094
CHEMBL4335367,0.4375,0.4736842105263157,0.0,0.0,0.654+/-0.136
CHEMBL4339813,0.875,0.8648648648648649,0.0,0.0,0.886+/-0.026
CHEMBL4345984,0.3125,0.35,0.0,0.0,0.823+/-0.101
CHEMBL4352819,0.5625,0.6666666666666666,0.0,0.0,0.717+/-0.107
CHEMBL4362909,0.75,0.7727272727272727,0.0,0.0,0.931+/-0.04
CHEMBL4363567,0.125,0.1428571428571428,0.0,0.0,0.651+/-0.201
CHEMBL4364954,0.625,0.6,0.0,0.0,0.969+/-0.02
CHEMBL4370013,0.875,0.8571428571428571,0.0,0.0,1.0+/-0.0
CHEMBL4370081,0.8125,0.7894736842105263,0.0,0.0,0.818+/-0.108
CHEMBL4370845,0.8125,0.7142857142857143,0.0,0.0,0.781+/-0.114
CHEMBL4370846,0.6875,0.75,0.0,0.0,0.896+/-0.053
CHEMBL4372505,0.75,0.7407407407407407,0.0,0.0,0.877+/-0.075
CHEMBL4372506,0.4375,0.4761904761904761,0.0,0.0,0.741+/-0.086
CHEMBL4372507,0.8125,0.7857142857142857,0.0,0.0,0.776+/-0.046
CHEMBL4374264,0.9375,0.9,0.0,0.0,0.942+/-0.045
CHEMBL4381377,0.9375,0.875,0.0,0.0,1.0+/-0.0
CHEMBL4388278,0.1875,0.1794871794871795,0.0,0.0,0.545+/-0.139
CHEMBL4396797,0.625,0.75,0.0,0.0,0.928+/-0.075
CHEMBL4399377,0.5,0.3333333333333333,0.0,0.0,0.85+/-0.242
CHEMBL4400278,0.75,0.7142857142857143,0.0,0.0,0.889+/-0.049
CHEMBL4404352,0.4375,0.409090909090909,0.0,0.0,0.603+/-0.134
CHEMBL4404536,0.4375,0.44,0.0,0.0,0.693+/-0.101
CHEMBL4404616,0.75,0.7272727272727273,0.0,0.0,0.929+/-0.063
CHEMBL4413180,0.25,0.2222222222222222,0.0,0.0,0.341+/-0.082
CHEMBL4415073,0.9375,0.9285714285714286,0.0,0.0,0.923+/-0.058
CHEMBL4415074,0.875,0.875,0.0,0.0,0.844+/-0.046
CHEMBL4415075,0.0625,0.1,0.0,0.0,0.487+/-0.292
CHEMBL4432094,0.25,0.2068965517241379,0.0,0.0,0.361+/-0.118
CHEMBL4432407,0.5,0.4666666666666667,0.0,0.0,0.903+/-0.041
CHEMBL4434379,0.625,0.5,0.0,0.0,0.8+/-0.258
CHEMBL4479167,0.875,0.8333333333333334,0.0,0.0,0.829+/-0.136
CHEMBL4480545,0.1875,0.1818181818181818,0.0,0.0,0.77+/-0.134
CHEMBL4481394,0.9375,0.8979591836734693,0.0,0.0,0.892+/-0.02
CHEMBL4602774,0.75,0.7916666666666666,0.0,0.0,0.945+/-0.034
CHEMBL4606620,0.75,0.7741935483870968,0.0,0.0,0.93+/-0.034
CHEMBL4615220,0.625,0.6521739130434783,0.0,0.0,0.845+/-0.057
CHEMBL4618924,0.8125,0.7777777777777778,0.0,0.0,0.971+/-0.022
CHEMBL4622140,0.75,0.7,0.0,0.0,0.968+/-0.034
CHEMBL4623366,0.9375,0.9047619047619048,0.0,0.0,0.865+/-0.056
CHEMBL4623367,0.6875,0.7272727272727273,0.0,0.0,0.818+/-0.04
CHEMBL4649973,0.125,0.1111111111111111,0.0,0.0,0.122+/-0.018
CHEMBL4670175,0.625,0.5714285714285714,0.0,0.0,0.828+/-0.168
CHEMBL4670179,0.875,0.875,0.0,0.0,0.85+/-0.06
CHEMBL4670542,0.6875,0.7333333333333333,0.0,0.0,0.945+/-0.016
CHEMBL4670543,0.3125,0.2857142857142857,0.0,0.0,0.553+/-0.12
CHEMBL4682690,0.875,0.8333333333333334,0.0,0.0,0.99+/-0.016
CHEMBL4682691,0.25,0.3333333333333333,0.0,0.0,0.683+/-0.277
CHEMBL4682692,0.25,0.5,0.0,0.0,0.85+/-0.242
CHEMBL4682693,0.4375,0.5,0.0,0.0,0.883+/-0.081
CHEMBL4689167,0.75,0.8,0.0,0.0,0.974+/-0.038
CHEMBL4700293,0.125,0.25,0.0,0.0,0.433+/-0.232
CHEMBL4704510,0.3125,0.3157894736842105,0.0,0.0,0.499+/-0.076
CHEMBL4709388,0.5,0.5,0.0,0.0,0.913+/-0.058
CHEMBL4710312,0.6875,0.75,0.0,0.0,0.836+/-0.122
CHEMBL4710313,0.5,0.5,0.0,0.0,0.595+/-0.108
CHEMBL4717401,0.125,0.2,0.0,0.0,0.302+/-0.13
CHEMBL4719106,0.0625,0.0666666666666666,0.0,0.0,0.65+/-0.242
CHEMBL4721621,0.8125,0.8,0.0,0.0,0.924+/-0.045
CHEMBL4722366,0.0625,0.0555555555555554,0.0,0.0,0.07+/-0.006
CHEMBL4726305,0.375,0.3823529411764705,0.0,0.0,0.699+/-0.109
CHEMBL4739111,0.6875,0.6,0.0,0.0,0.931+/-0.136
CHEMBL4767523,0.75,0.7058823529411765,0.0,0.0,0.843+/-0.063
CHEMBL4767525,0.5625,0.5384615384615384,0.0,0.0,0.615+/-0.101
CHEMBL4767526,0.1875,0.1111111111111111,0.0,0.0,0.54+/-0.398
CHEMBL4767527,0.5,0.5555555555555556,0.0,0.0,0.887+/-0.116
CHEMBL4767529,0.6875,0.7142857142857143,0.0,0.0,0.853+/-0.095
CHEMBL4767744,0.4375,0.4545454545454545,0.0,0.0,0.831+/-0.112
CHEMBL4768319,0.125,0.0909090909090909,0.0,0.0,0.594+/-0.429
CHEMBL4768320,0.625,0.6666666666666666,0.0,0.0,0.912+/-0.04
CHEMBL4768747,0.5,0.5217391304347826,0.0,0.0,0.664+/-0.09
CHEMBL4768748,0.1875,0.2093023255813953,0.0,0.0,0.504+/-0.108
CHEMBL4770527,0.8125,0.8,0.0,0.0,0.901+/-0.037
CHEMBL4775018,0.8125,0.8461538461538461,0.0,0.0,0.9+/-0.084
CHEMBL4813293,0.8125,0.75,0.0,0.0,0.95+/-0.043
CHEMBL4813296,0.8125,0.6666666666666666,0.0,0.0,0.925+/-0.139
CHEMBL4813308,0.5625,0.5,0.0,0.0,0.65+/-0.218
CHEMBL4813309,0.5,0.6,0.0,0.0,0.777+/-0.192
CHEMBL4822897,0.9375,0.8333333333333334,0.0,0.0,0.824+/-0.098
CHEMBL4822898,0.9375,0.8333333333333334,0.0,0.0,0.824+/-0.098
CHEMBL4822899,0.8125,0.8333333333333334,0.0,0.0,0.903+/-0.07
CHEMBL4822901,0.75,0.8333333333333334,0.0,0.0,0.928+/-0.117
CHEMBL4823991,0.8125,0.75,0.0,0.0,0.891+/-0.054
CHEMBL4825887,0.6875,0.8,0.0,0.0,0.979+/-0.038
CHEMBL4826198,0.875,0.8,0.0,0.0,0.94+/-0.05
CHEMBL4827058,0.3125,0.5,0.0,0.0,0.8+/-0.258
CHEMBL4827091,0.1875,0.3333333333333333,0.0,0.0,0.85+/-0.242
CHEMBL4827555,0.8125,0.8,0.0,0.0,0.864+/-0.09
CHEMBL4829044,0.25,0.3333333333333333,0.0,0.0,0.567+/-0.306
CHEMBL4832821,0.8125,0.7142857142857143,0.0,0.0,0.781+/-0.099
CHEMBL4833208,0.75,0.5,0.0,0.0,0.95+/-0.158
CHEMBL4835597,0.1875,0.2,0.0,0.0,0.294+/-0.083
CHEMBL4841939,0.9375,0.9705882352941176,0.0,0.0,0.995+/-0.001
CHEMBL5032825,0.5,0.5217391304347826,0.0,0.0,0.763+/-0.069
CHEMBL5032826,0.625,0.6666666666666666,0.0,0.0,0.748+/-0.064
CHEMBL5032827,0.625,0.6428571428571429,0.0,0.0,0.85+/-0.05
CHEMBL5033387,0.875,0.8333333333333334,0.0,0.0,0.903+/-0.134
CHEMBL5033388,0.8125,0.888888888888889,0.0,0.0,0.842+/-0.101
CHEMBL5033390,0.8125,0.7142857142857143,0.0,0.0,0.67+/-0.07
CHEMBL5034816,0.375,0.3333333333333333,0.0,0.0,0.696+/-0.081
CHEMBL5035523,0.375,0.4444444444444445,0.0,0.0,0.941+/-0.086
CHEMBL5035526,0.5625,0.5,0.0,0.0,0.668+/-0.136
CHEMBL5037877,0.9375,0.9090909090909092,0.0,0.0,0.856+/-0.063
CHEMBL5037880,0.5625,0.5263157894736842,0.0,0.0,0.652+/-0.066
CHEMBL5037881,0.9375,0.9090909090909092,0.0,0.0,0.859+/-0.064
CHEMBL5037882,0.75,0.7272727272727273,0.0,0.0,0.82+/-0.075
CHEMBL5037883,0.375,0.3529411764705882,0.0,0.0,0.563+/-0.078
CHEMBL5037884,0.9375,0.9090909090909092,0.0,0.0,0.864+/-0.035
CHEMBL5037889,0.375,0.3529411764705882,0.0,0.0,0.631+/-0.149
CHEMBL5037906,0.1875,0.1739130434782608,0.0,0.0,0.512+/-0.174
CHEMBL5037908,0.125,0.0714285714285714,0.0,0.0,0.123+/-0.037
CHEMBL5039231,0.9375,0.875,0.0,0.0,1.0+/-0.0
CHEMBL5041682,0.8125,0.7857142857142857,0.0,0.0,0.975+/-0.012
CHEMBL5041823,0.6875,0.5,0.0,0.0,0.95+/-0.158
CHEMBL5043599,0.5,0.5294117647058824,0.0,0.0,0.773+/-0.068
CHEMBL5044979,0.875,0.9285714285714286,0.0,0.0,0.908+/-0.07
CHEMBL5044981,0.9375,0.9285714285714286,0.0,0.0,0.829+/-0.004
CHEMBL5044982,0.625,0.6,0.0,0.0,0.727+/-0.161
CHEMBL5047269,0.5,0.4666666666666667,0.0,0.0,0.894+/-0.051
CHEMBL5107399,0.0625,0.032258064516129,0.0,0.0,0.074+/-0.021
CHEMBL5107404,0.125,0.1363636363636363,0.0,0.0,0.348+/-0.14
CHEMBL5107405,0.125,0.0851063829787234,0.0,0.0,0.377+/-0.148
CHEMBL5107409,0.125,0.0833333333333333,0.0,0.0,0.314+/-0.172
CHEMBL5107521,0.0625,0.1428571428571428,0.0,0.0,0.9+/-0.211
CHEMBL5113001,0.375,0.3714285714285714,0.0,0.0,0.779+/-0.1
CHEMBL5114072,0.3125,0.3333333333333333,0.0,0.0,0.605+/-0.124
CHEMBL5117631,0.3125,0.3513513513513513,0.0,0.0,0.848+/-0.049
CHEMBL5117635,0.25,0.2058823529411764,0.0,0.0,0.911+/-0.055
CHEMBL5117636,0.1875,0.21875,0.0,0.0,0.984+/-0.03
CHEMBL5117637,0.25,0.2608695652173913,0.0,0.0,0.975+/-0.041
CHEMBL5117639,0.25,0.21875,0.0,0.0,0.904+/-0.068
CHEMBL5117641,0.3125,0.5,0.0,0.0,1.0+/-0.0
CHEMBL5126487,0.6875,0.75,0.0,0.0,0.872+/-0.11
CHEMBL5129301,0.5,0.4615384615384615,0.0,0.0,0.573+/-0.077
CHEMBL5134088,0.375,0.4193548387096774,0.0,0.0,0.637+/-0.104
CHEMBL5134495,0.8125,0.8333333333333334,0.0,0.0,0.802+/-0.086
CHEMBL5140361,0.6875,0.6923076923076923,0.0,0.0,0.838+/-0.1
CHEMBL5140364,0.125,0.1111111111111111,0.0,0.0,0.545+/-0.166
CHEMBL5140365,0.125,0.125,0.0,0.0,0.6+/-0.211
CHEMBL5140366,0.125,0.1538461538461538,0.0,0.0,0.468+/-0.16
CHEMBL5140368,0.5,0.52,0.0,0.0,0.784+/-0.068
CHEMBL5140687,0.8125,0.8125,0.0,0.0,0.857+/-0.061
CHEMBL5142775,0.25,0.2439024390243901,0.0,0.0,0.304+/-0.082
CHEMBL5144830,0.75,0.5,0.0,0.0,0.9+/-0.211
CHEMBL5146636,0.875,0.8571428571428571,0.0,0.0,0.805+/-0.068
CHEMBL5159760,0.625,0.6,0.0,0.0,0.759+/-0.112
CHEMBL5161545,0.0625,0.0625,0.0,0.0,0.064+/-0.003
CHEMBL5217494,0.75,0.7096774193548387,0.0,0.0,0.833+/-0.079
CHEMBL653610,0.875,0.8636363636363636,0.0,0.0,0.946+/-0.039
CHEMBL653896,0.1875,0.2241379310344827,0.0,0.0,0.413+/-0.078
CHEMBL655136,0.125,0.0851063829787234,0.0,0.0,0.35+/-0.12
CHEMBL655544,0.375,0.4444444444444445,0.0,0.0,0.876+/-0.115
CHEMBL656288,0.375,0.4285714285714285,0.0,0.0,0.754+/-0.11
CHEMBL656768,0.375,0.4,0.0,0.0,0.887+/-0.126
CHEMBL656774,0.125,0.125,0.0,0.0,0.95+/-0.158
CHEMBL657413,0.625,0.5,0.0,0.0,0.842+/-0.19
CHEMBL659221,0.375,0.3636363636363636,0.0,0.0,0.541+/-0.123
CHEMBL659279,0.4375,0.45,0.0,0.0,0.712+/-0.097
CHEMBL676536,0.6875,0.6666666666666666,0.0,0.0,0.925+/-0.139
CHEMBL676912,0.375,0.3333333333333333,0.0,0.0,0.933+/-0.211
CHEMBL684103,0.1875,0.3333333333333333,0.0,0.0,0.45+/-0.209
CHEMBL684710,0.0625,0.1666666666666666,0.0,0.0,0.383+/-0.105
CHEMBL689145,0.625,0.6363636363636364,0.0,0.0,0.951+/-0.07
CHEMBL691343,0.5,0.4615384615384615,0.0,0.0,0.508+/-0.072
CHEMBL695986,0.4375,0.4375,0.0,0.0,0.761+/-0.103
CHEMBL696950,0.3125,0.3,0.0,0.0,0.822+/-0.159
CHEMBL697276,0.875,0.8333333333333334,0.0,0.0,0.96+/-0.034
CHEMBL698789,0.25,0.2,0.0,0.0,0.9+/-0.211
CHEMBL705093,0.3125,0.4,0.0,0.0,0.622+/-0.197
CHEMBL706841,0.6875,0.75,0.0,0.0,0.985+/-0.022
CHEMBL706945,0.875,0.85,0.0,0.0,0.963+/-0.024
CHEMBL706947,0.5625,0.6,0.0,0.0,0.719+/-0.083
CHEMBL708386,0.1875,0.1666666666666666,0.0,0.0,1.0+/-0.0
CHEMBL708445,0.875,0.875,0.0,0.0,0.948+/-0.043
CHEMBL710084,0.25,0.25,0.0,0.0,0.592+/-0.295
CHEMBL710366,0.9375,0.888888888888889,0.0,0.0,0.992+/-0.007
CHEMBL710372,0.6875,0.5,0.0,0.0,0.95+/-0.158
CHEMBL710373,0.625,0.6129032258064516,0.0,0.0,0.924+/-0.028
CHEMBL710376,0.9375,0.9523809523809524,0.0,0.0,0.998+/-0.002
CHEMBL710380,0.9375,0.9090909090909092,0.0,0.0,0.945+/-0.025
CHEMBL710381,0.875,0.8461538461538461,0.0,0.0,0.941+/-0.026
CHEMBL710530,0.9375,0.9047619047619048,0.0,0.0,0.997+/-0.003
CHEMBL710531,0.625,0.631578947368421,0.0,0.0,0.875+/-0.026
CHEMBL710533,0.9375,0.95,0.0,0.0,1.0+/-0.0
CHEMBL710534,0.75,0.7777777777777778,0.0,0.0,0.935+/-0.034
CHEMBL710864,0.3125,0.2909090909090909,0.0,0.0,0.679+/-0.107
CHEMBL711490,0.4375,0.5,0.0,0.0,0.893+/-0.093
CHEMBL711491,0.75,0.7435897435897436,0.0,0.0,0.747+/-0.048
CHEMBL711655,0.9375,0.9166666666666666,0.0,0.0,0.849+/-0.064
CHEMBL711656,0.875,0.9166666666666666,0.0,0.0,0.877+/-0.065
CHEMBL712246,0.9375,0.9302325581395348,0.0,0.0,0.949+/-0.011
CHEMBL712346,0.75,0.7368421052631579,0.0,0.0,0.991+/-0.009
CHEMBL712878,0.625,0.6470588235294118,0.0,0.0,0.956+/-0.04
CHEMBL713255,0.4375,0.4827586206896551,0.0,0.0,0.788+/-0.071
CHEMBL713409,0.125,0.2,0.0,0.0,0.647+/-0.306
CHEMBL713420,0.75,0.7931034482758621,0.0,0.0,0.936+/-0.065
CHEMBL713546,0.6875,0.65,0.0,0.0,0.766+/-0.061
CHEMBL713935,0.125,0.1666666666666666,0.0,0.0,0.418+/-0.331
CHEMBL714338,0.8125,0.8181818181818181,0.0,0.0,0.947+/-0.066
CHEMBL715738,0.5625,0.5757575757575758,0.0,0.0,0.958+/-0.035
CHEMBL728516,0.8125,0.8,0.0,0.0,0.915+/-0.093
CHEMBL758925,0.1875,0.25,0.0,0.0,0.767+/-0.179
CHEMBL758938,0.0625,0.0454545454545454,0.0,0.0,0.495+/-0.294
CHEMBL759088,0.5,0.4666666666666667,0.0,0.0,0.632+/-0.1
CHEMBL761987,0.3125,0.3,0.0,0.0,0.536+/-0.149
CHEMBL804248,0.4375,0.4444444444444445,0.0,0.0,0.949+/-0.052
CHEMBL804251,0.375,0.3333333333333333,0.0,0.0,1.0+/-0.0
CHEMBL805604,0.8125,0.7142857142857143,0.0,0.0,0.843+/-0.093
CHEMBL827425,0.4375,0.5,0.0,0.0,0.806+/-0.153
CHEMBL833076,0.75,0.7619047619047619,0.0,0.0,0.981+/-0.013
CHEMBL833079,0.625,0.6585365853658537,0.0,0.0,0.843+/-0.044
CHEMBL833080,0.5,0.4545454545454545,0.0,0.0,0.666+/-0.055
CHEMBL833214,0.6875,0.6818181818181818,0.0,0.0,0.912+/-0.031
CHEMBL833301,0.0625,0.0909090909090909,0.0,0.0,0.418+/-0.228
CHEMBL833378,0.75,0.6923076923076923,0.0,0.0,0.865+/-0.044
CHEMBL833792,0.4375,0.4516129032258064,0.0,0.0,0.662+/-0.087
CHEMBL833835,0.75,0.8,0.0,0.0,0.901+/-0.131
CHEMBL833931,0.875,0.8444444444444444,0.0,0.0,0.86+/-0.046
CHEMBL833971,0.75,0.7142857142857143,0.0,0.0,0.851+/-0.044
CHEMBL833976,0.9375,0.9473684210526316,0.0,0.0,1.0+/-0.001
CHEMBL834283,0.8125,0.6666666666666666,0.0,0.0,0.817+/-0.207
CHEMBL834284,0.9375,0.8571428571428571,0.0,0.0,0.918+/-0.043
CHEMBL834635,0.125,0.125,0.0,0.0,0.633+/-0.258
CHEMBL835015,0.125,0.15,0.0,0.0,0.569+/-0.216
CHEMBL837207,0.5,0.6666666666666666,0.0,0.0,0.842+/-0.19
CHEMBL837467,0.6875,0.6774193548387096,0.0,0.0,0.846+/-0.036
CHEMBL837471,0.375,0.3809523809523809,0.0,0.0,0.628+/-0.161
CHEMBL837535,0.875,0.853658536585366,0.0,0.0,0.937+/-0.022
CHEMBL853640,0.4375,0.5,0.0,0.0,0.697+/-0.218
CHEMBL854478,0.375,0.3,0.0,0.0,0.34+/-0.102
CHEMBL856486,0.625,0.6470588235294118,0.0,0.0,0.784+/-0.101
CHEMBL859126,0.375,0.375,0.0,0.0,0.815+/-0.063
CHEMBL859285,0.875,0.9047619047619048,0.0,0.0,0.963+/-0.015
CHEMBL859876,0.25,0.2666666666666666,0.0,0.0,0.529+/-0.199
CHEMBL860970,0.625,0.5714285714285714,0.0,0.0,0.571+/-0.094
CHEMBL860972,0.875,0.8695652173913043,0.0,0.0,0.93+/-0.018
CHEMBL862229,0.5,0.5,0.0,0.0,0.8+/-0.258
CHEMBL863014,0.625,0.6153846153846154,0.0,0.0,0.963+/-0.021
CHEMBL863378,0.9375,0.875,0.0,0.0,0.996+/-0.008
CHEMBL863382,0.75,0.6666666666666666,0.0,0.0,0.983+/-0.053
CHEMBL864208,0.625,0.6923076923076923,0.0,0.0,0.911+/-0.056
CHEMBL864455,0.8125,0.888888888888889,0.0,0.0,0.981+/-0.026
CHEMBL865135,0.8125,0.75,0.0,0.0,1.0+/-0.0
CHEMBL865538,0.9375,0.8947368421052632,0.0,0.0,0.929+/-0.058
CHEMBL866685,0.5625,0.52,0.0,0.0,0.938+/-0.023
CHEMBL866752,0.625,0.6666666666666666,0.0,0.0,0.826+/-0.066
CHEMBL867244,0.6875,0.7,0.0,0.0,0.916+/-0.027
CHEMBL871030,0.6875,0.625,0.0,0.0,0.97+/-0.045
CHEMBL873604,0.125,0.1666666666666666,0.0,0.0,0.917+/-0.264
CHEMBL877209,0.25,0.2419354838709677,0.0,0.0,0.337+/-0.073
CHEMBL885171,0.875,0.8461538461538461,0.0,0.0,0.907+/-0.078
CHEMBL885174,0.875,0.8461538461538461,0.0,0.0,0.907+/-0.078
CHEMBL886232,0.9,0.9125,0.0322748612183951,0.0322748612183951,0.964+/-0.024
CHEMBL887332,0.25,0.2,0.0,0.0,0.92+/-0.253
CHEMBL887561,0.4375,0.3333333333333333,0.0,0.0,0.9+/-0.211
CHEMBL887635,0.625,0.6470588235294118,0.0,0.0,0.872+/-0.079
CHEMBL889768,0.375,0.4074074074074073,0.0,0.0,0.59+/-0.128
CHEMBL889770,0.875,0.875,0.0,0.0,0.876+/-0.07
CHEMBL890376,0.875,0.9166666666666666,0.0,0.0,0.943+/-0.076
CHEMBL892896,0.8125,0.7777777777777778,0.0,0.0,0.826+/-0.024
CHEMBL894309,0.6875,0.75,0.0,0.0,0.852+/-0.048
CHEMBL894948,0.625,0.5,0.0,0.0,1.0+/-0.0
CHEMBL895181,0.625,0.5714285714285714,0.0,0.0,0.943+/-0.071
CHEMBL895182,0.625,0.6666666666666666,0.0,0.0,0.907+/-0.068
CHEMBL896487,0.875,0.9230769230769232,0.0,0.0,0.983+/-0.015
CHEMBL897415,0.3125,0.3571428571428571,0.0,0.0,0.663+/-0.13
CHEMBL897796,0.8125,0.7906976744186046,0.0,0.0,0.855+/-0.041
CHEMBL899466,0.6875,0.75,0.0,0.0,0.863+/-0.088
CHEMBL899467,0.6875,0.7307692307692307,0.0,0.0,0.864+/-0.029
CHEMBL900550,0.9375,0.9111111111111112,0.0,0.0,0.98+/-0.009
CHEMBL900552,0.625,0.6,0.0,0.0,0.868+/-0.068
CHEMBL901903,0.875,0.75,0.0,0.0,0.964+/-0.066
CHEMBL901904,0.8125,0.75,0.0,0.0,0.944+/-0.081
CHEMBL902229,0.875,0.9047619047619048,0.0,0.0,0.989+/-0.007
CHEMBL902989,0.5625,0.5952380952380952,0.0,0.0,0.843+/-0.073
CHEMBL903137,0.8125,0.7777777777777778,0.0,0.0,0.799+/-0.054
CHEMBL903138,0.1875,0.25,0.0,0.0,0.728+/-0.157
CHEMBL903139,0.25,0.2352941176470588,0.0,0.0,0.549+/-0.169
CHEMBL904573,0.5,0.3333333333333333,0.0,0.0,0.85+/-0.242
CHEMBL906000,0.0625,0.1428571428571428,0.0,0.0,0.257+/-0.06
CHEMBL906386,0.625,0.6666666666666666,0.0,0.0,0.896+/-0.066
CHEMBL906554,0.4375,0.4166666666666667,0.0,0.0,0.541+/-0.09
CHEMBL907801,0.625,0.65,0.0,0.0,0.831+/-0.059
CHEMBL907802,0.5625,0.6363636363636364,0.0,0.0,0.84+/-0.048
CHEMBL907804,0.4375,0.5,0.0,0.0,0.913+/-0.055
CHEMBL907805,0.4375,0.4545454545454545,0.0,0.0,0.959+/-0.039
CHEMBL907807,0.8125,0.8636363636363636,0.0,0.0,0.956+/-0.014
CHEMBL908409,0.8125,0.85,0.0,0.0,0.94+/-0.058
CHEMBL914626,0.375,0.3333333333333333,0.0,0.0,0.586+/-0.085
CHEMBL918457,0.625,0.6521739130434783,0.0,0.0,0.817+/-0.055
CHEMBL918634,0.3125,0.3333333333333333,0.0,0.0,0.615+/-0.224
CHEMBL922474,0.625,0.75,0.0,0.0,0.922+/-0.108
CHEMBL922937,0.8125,0.782608695652174,0.0,0.0,0.792+/-0.043
CHEMBL924132,0.1875,0.2,0.0,0.0,0.321+/-0.068
CHEMBL924496,0.1875,0.2857142857142857,0.0,0.0,0.739+/-0.118
CHEMBL924692,0.125,0.2,0.0,0.0,0.282+/-0.057
CHEMBL933048,0.8125,0.8181818181818181,0.0,0.0,0.876+/-0.072
CHEMBL934825,0.125,0.2,0.0,0.0,0.601+/-0.18
CHEMBL936678,0.9375,0.945945945945946,0.0,0.0,0.982+/-0.012
CHEMBL936680,0.8125,0.8372093023255814,0.0,0.0,0.826+/-0.048
CHEMBL937510,0.5,0.5555555555555556,0.0,0.0,0.667+/-0.119
CHEMBL941164,0.8125,0.7619047619047619,0.0,0.0,0.804+/-0.09
CHEMBL944749,0.125,0.1764705882352941,0.0,0.0,0.398+/-0.194
CHEMBL944781,0.75,0.76,0.0,0.0,0.9+/-0.044
CHEMBL945413,0.1875,0.25,0.0,0.0,0.767+/-0.306
CHEMBL945414,0.5625,0.6111111111111112,0.0,0.0,0.94+/-0.052
CHEMBL946064,0.75,0.7777777777777778,0.0,0.0,0.933+/-0.081
CHEMBL946066,0.1875,0.1111111111111111,0.0,0.0,0.435+/-0.391
CHEMBL946755,0.9375,0.9545454545454548,0.0,0.0,0.998+/-0.002
CHEMBL949071,0.5,0.4545454545454545,0.0,0.0,0.715+/-0.102
CHEMBL949220,0.9375,0.8333333333333334,0.0,0.0,0.844+/-0.085
CHEMBL955134,0.8125,0.8461538461538461,0.0,0.0,0.911+/-0.053
CHEMBL955136,0.75,0.7,0.0,0.0,0.866+/-0.083
CHEMBL956772,0.875,0.8666666666666668,0.0,0.0,0.91+/-0.043
CHEMBL956777,0.75,0.7941176470588235,0.0,0.0,0.954+/-0.027
CHEMBL956847,0.875,0.875,0.0,0.0,0.923+/-0.068
CHEMBL957277,0.4375,0.4705882352941176,0.0,0.0,0.615+/-0.107
CHEMBL960166,0.0625,0.0714285714285714,0.0,0.0,0.332+/-0.125
CHEMBL961203,0.5,0.5,0.0,0.0,0.78+/-0.117
CHEMBL961554,0.5625,0.5,0.0,0.0,0.717+/-0.177
CHEMBL961555,0.25,0.5,0.0,0.0,0.9+/-0.211
CHEMBL964123,0.9375,0.9591836734693876,0.0,0.0,0.999+/-0.001
CHEMBL968900,0.75,0.7317073170731707,0.0,0.0,0.885+/-0.04
CHEMBL968905,0.8125,0.75,0.0,0.0,0.921+/-0.041
CHEMBL972376,0.3125,0.2727272727272727,0.0,0.0,0.563+/-0.059
CHEMBL972377,0.75,0.7407407407407407,0.0,0.0,0.921+/-0.031
CHEMBL975243,0.5,0.3333333333333333,0.0,0.0,0.667+/-0.294
CHEMBL980716,0.5625,0.5,0.0,0.0,0.9+/-0.211
CHEMBL984606,0.3125,0.3529411764705882,0.0,0.0,0.68+/-0.152
CHEMBL984613,0.3125,0.3243243243243243,0.0,0.0,0.752+/-0.095
CHEMBL989570,0.4375,0.375,0.0,0.0,0.566+/-0.204
CHEMBL992597,0.375,0.4166666666666667,0.0,0.0,0.962+/-0.081
CHEMBL994472,0.8125,0.7142857142857143,0.0,0.0,0.825+/-0.085
CHEMBL995354,0.1875,0.1666666666666666,0.0,0.0,0.783+/-0.284
CHEMBL995355,0.1875,0.1666666666666666,0.0,0.0,0.75+/-0.264
CHEMBL995359,0.0625,0.1666666666666666,0.0,0.0,0.85+/-0.242
CHEMBL995902,0.5,0.4444444444444445,0.0,0.0,0.703+/-0.1
